<?xml version="1.0" encoding="UTF-8" ?>
<!DOCTYPE configuration
  PUBLIC "-//mybatis.org//DTD Config 3.0//EN"
  "https://mybatis.org/dtd/mybatis-3-config.dtd">
<configuration>
  <environments default="development">
    <environment id="development">
      <transactionManager type="JDBC"/>
      <dataSource type="POOLED">
        <property name="driver" value="oracle.jdbc.driver.OracleDriver"/>
        <property name="url" value="jdbc:oracle:thin:@nam3324.synology.me:32800:XE"/>
        <property name="username" value="c##kh_java_3a"/>
        <property name="password" value="123456"/>
      </dataSource>
    </environment>
  </environments>
  <mappers>
    <mapper resource="config/movie-mapper.xml"/>
    <mapper resource="config/board-mapper.xml"/>
    <mapper resource="config/user-mapper.xml" />
  </mappers>
</configuration>